File Name,Record ID,extra1,extra2
M119_02_R142_0000r.jpg,,,
M119_02_R142_000n.jpg,,,
M119_02_R142_001n.jpg,,,
M119_02_R142_002n.jpg,,,
M119_02_R142_003r.jpg,,,
M119_02_R142_004v.jpg,,,
M119_02_R142_005r.jpg,1637,,
M119_02_R142_006v.jpg,1637,,
M119_02_R142_007r.jpg,1638,,
M119_02_R142_008v.jpg,1638,,
M119_02_R142_009r.jpg,1642,,
M119_02_R142_010v.jpg,1642,,
M119_02_R142_011r.jpg,1644,,
M119_02_R142_012v.jpg,1644,,
M119_02_R142_013r.jpg,1645,,
M119_02_R142_014v.jpg,1645,,
M119_02_R142_015r.jpg,1646,,
M119_02_R142_016v.jpg,1646,,
M119_02_R142_017r.jpg,1641,,
M119_02_R142_018v.jpg,1641,,
M119_02_R142_019r.jpg,1648,,
M119_02_R142_020v.jpg,1648,,
M119_02_R142_021r.jpg,1660,,
M119_02_R142_022v.jpg,1660,,
M119_02_R142_023r.jpg,1649,,
M119_02_R142_024v.jpg,1649,,
M119_02_R142_025r.jpg,1650,,
M119_02_R142_026v.jpg,1650,,
M119_02_R142_027r.jpg,1651,,
M119_02_R142_028v.jpg,1651,,
M119_02_R142_029r.jpg,1652,,
M119_02_R142_030v.jpg,1652,,
M119_02_R142_031r.jpg,1653,,
M119_02_R142_032v.jpg,1653,,
M119_02_R142_033r.jpg,1640,,
M119_02_R142_034v.jpg,1640,,
M119_02_R142_035r.jpg,1670,,
M119_02_R142_036v.jpg,1670,,
M119_02_R142_037r.jpg,1665,,
M119_02_R142_038v.jpg,1665,,
M119_02_R142_039r.jpg,1639,,
M119_02_R142_040v.jpg,1639,,
M119_02_R142_041r.jpg,1666,,
M119_02_R142_042v.jpg,1666,,
M119_02_R142_043r.jpg,1667,,
M119_02_R142_044v.jpg,1667,,
M119_02_R142_045r.jpg,1668,,
M119_02_R142_046v.jpg,1668,,
M119_02_R142_047r.jpg,post it note?,1669,
M119_02_R142_048v.jpg,post it note?,1669,
M119_02_R142_049r.jpg,29,1669,
M119_02_R142_050v.jpg,29,1669,
M119_02_R142_051r.jpg,1671,,
M119_02_R142_052v.jpg,1671,,
M119_02_R142_053r.jpg,1664,,
M119_02_R142_054v.jpg,1664,,
M119_02_R142_055r.jpg,1673,,
M119_02_R142_056v.jpg,1673,,
M119_02_R142_057r.jpg,1672,,
M119_02_R142_058v.jpg,1672,,
M119_02_R142_059r.jpg,1674,,
M119_02_R142_060v.jpg,1674,,
M119_02_R142_061r.jpg,1657,,
M119_02_R142_062v.jpg,1657,,
M119_02_R142_063r.jpg,1654,,
M119_02_R142_064v.jpg,1654,,
M119_02_R142_065r.jpg,1655,,
M119_02_R142_066v.jpg,1655,,
M119_02_R142_067r.jpg,1656,,
M119_02_R142_068v.jpg,1656,,
M119_02_R142_069r.jpg,1661,,
M119_02_R142_070v.jpg,1661,,
M119_02_R142_071r.jpg,1658,,
M119_02_R142_072v.jpg,1658,,
M119_02_R142_073r.jpg,1706,,
M119_02_R142_074v.jpg,1706,,
M119_02_R142_075r.jpg,1659,,
M119_02_R142_076v.jpg,1659,,
M119_02_R142_077r.jpg,1662,,
M119_02_R142_078v.jpg,1662,,
M119_02_R142_079r.jpg,1663,,
M119_02_R142_080v.jpg,1663,,
M119_02_R142_081r.jpg,1675,,
M119_02_R142_082v.jpg,1675,,
M119_02_R142_083r.jpg,1677,,
M119_02_R142_084v.jpg,1677,,
M119_02_R142_085r.jpg,1678,,
M119_02_R142_086v.jpg,1678,,
M119_02_R142_087r.jpg,1679,,
M119_02_R142_088v.jpg,1679,,
M119_02_R142_089r.jpg,1680,,
M119_02_R142_090v.jpg,1680,,
M119_02_R142_091r.jpg,1681,,
M119_02_R142_092v.jpg,1681,,
M119_02_R142_093r.jpg,1682,,
M119_02_R142_094v.jpg,1682,,
M119_02_R142_095r.jpg,1683,,
M119_02_R142_096v.jpg,1683,,
M119_02_R142_097r.jpg,1692,,
M119_02_R142_098v.jpg,1692,,
M119_02_R142_099r.jpg,1686,,
M119_02_R142_100v.jpg,1686,,
M119_02_R142_101r.jpg,1687,,
M119_02_R142_102v.jpg,1687,,
M119_02_R142_103r.jpg,1688,,
M119_02_R142_104v.jpg,1688,,
M119_02_R142_105r.jpg,1690,,
M119_02_R142_106v.jpg,1690,,
M119_02_R142_107r.jpg,1691,,
M119_02_R142_108v.jpg,1691,,
M119_02_R142_109r.jpg,1693,,
M119_02_R142_110v.jpg,1693,,
M119_02_R142_111r.jpg,1694,,
M119_02_R142_112v.jpg,1694,,
M119_02_R142_113r.jpg,1695,,
M119_02_R142_114v.jpg,1695,,
M119_02_R142_115r.jpg,1696,,
M119_02_R142_116v.jpg,1696,,
M119_02_R142_117r.jpg,1636,,
M119_02_R142_118v.jpg,1636,,
M119_02_R142_119r.jpg,1697,,
M119_02_R142_120v.jpg,1697,,
M119_02_R142_121r.jpg,1698,,
M119_02_R142_122v.jpg,1698,,
M119_02_R142_123r.jpg,1699,,
M119_02_R142_124v.jpg,1699,,
M119_02_R142_125r.jpg,1700,,
M119_02_R142_126v.jpg,1700,,
M119_02_R142_127r.jpg,1701,,
M119_02_R142_128v.jpg,1701,,
M119_02_R142_129r.jpg,1702,,
M119_02_R142_130v.jpg,1702,,
M119_02_R142_131r.jpg,1703,,
M119_02_R142_132v.jpg,1703,,
M119_02_R142_133r.jpg,1018,,
M119_02_R142_134v.jpg,1018,,
M119_02_R142_135r.jpg,1019,,
M119_02_R142_136v.jpg,1019,,
M119_02_R142_137r.jpg,1020,,
M119_02_R142_138v.jpg,1020,,
M119_02_R142_139r.jpg,1021,,
M119_02_R142_140v.jpg,1021,,
M119_02_R142_141r.jpg,1022,,
M119_02_R142_142v.jpg,1022,,
M119_02_R142_143r.jpg,1023,,
M119_02_R142_144v.jpg,1023,,
M119_02_R142_145r.jpg,1024,,
M119_02_R142_146v.jpg,1024,,
M119_02_R142_147r.jpg,1025,,
M119_02_R142_148v.jpg,1025,,
M119_02_R142_149r.jpg,1026,,
M119_02_R142_150v.jpg,1026,,
M119_02_R142_151r.jpg,1090,,
M119_02_R142_152v.jpg,1090,,
M119_02_R142_153r.jpg,1033,,
M119_02_R142_154v.jpg,1033,,
M119_02_R142_155r.jpg,1034,,
M119_02_R142_156v.jpg,1034,,
M119_02_R142_157r.jpg,1035,,
M119_02_R142_158v.jpg,1035,,
M119_02_R142_159r.jpg,1036,,
M119_02_R142_160v.jpg,1036,,
M119_02_R142_161r.jpg,1037,,
M119_02_R142_162v.jpg,1037,,
M119_02_R142_163r.jpg,1038,,
M119_02_R142_164v.jpg,1038,,
M119_02_R142_165r.jpg,1039,,
M119_02_R142_166v.jpg,1039,,
M119_02_R142_167r.jpg,1040,,
M119_02_R142_168v.jpg,1040,,
M119_02_R142_169r.jpg,1707,,
M119_02_R142_170v.jpg,1707,,
M119_02_R142_171r.jpg,1753,,
M119_02_R142_172v.jpg,1753,,
M119_02_R142_173r.jpg,1769,,
M119_02_R142_174v.jpg,1769,,
M119_02_R142_175r.jpg,1832,,
M119_02_R142_176v.jpg,1832,,
M119_02_R142_177r.jpg,1828,,
M119_02_R142_178v.jpg,1828,,
M119_02_R142_179r.jpg,1830,,
M119_02_R142_180v.jpg,1830,,
M119_02_R142_181r.jpg,1833,,
M119_02_R142_182v.jpg,1833,,
M119_02_R142_183r.jpg,1834,,
M119_02_R142_184v.jpg,1834,,
M119_02_R142_185r.jpg,1944,,
M119_02_R142_186v.jpg,1944,,
M119_02_R142_187r.jpg,1953,,
M119_02_R142_188v.jpg,1953,,
M119_02_R142_189r.jpg,1954,,
M119_02_R142_190v.jpg,1954,,
M119_02_R142_191r.jpg,2019,,
M119_02_R142_192v.jpg,2019,,
M119_02_R142_193r.jpg,2020,,
M119_02_R142_194v.jpg,2020,,
M119_02_R142_195r.jpg,2021,,
M119_02_R142_196v.jpg,2021,,
M119_02_R142_197r.jpg,2022,,
M119_02_R142_198v.jpg,2022,,
M119_02_R142_199r.jpg,2023,,
M119_02_R142_200v.jpg,2023,,
M119_02_R142_201r.jpg,2024,,
M119_02_R142_202v.jpg,2024,,
M119_02_R142_203r.jpg,2025,,
M119_02_R142_204v.jpg,2025,,
M119_02_R142_205r.jpg,2026,,
M119_02_R142_206v.jpg,2026,,
M119_02_R142_207r.jpg,2028,,
M119_02_R142_208v.jpg,2028,,
M119_02_R142_209r.jpg,2029,,
M119_02_R142_210v.jpg,2029,,
M119_02_R142_211r.jpg,1927,,
M119_02_R142_212v.jpg,1927,,
M119_02_R142_213r.jpg,2031,,
M119_02_R142_214v.jpg,2031,,
M119_02_R142_215r.jpg,2032,,
M119_02_R142_216v.jpg,2032,,
M119_02_R142_217r.jpg,2033,,
M119_02_R142_218v.jpg,2033,,
M119_02_R142_219r.jpg,2034,,
M119_02_R142_220v.jpg,2034,,
M119_02_R142_221r.jpg,2035,,
M119_02_R142_222v.jpg,2035,,
M119_02_R142_223r.jpg,2060,,
M119_02_R142_224v.jpg,2060,,
M119_02_R142_225r.jpg,2036,,
M119_02_R142_226v.jpg,2036,,
M119_02_R142_227r.jpg,2037,,
M119_02_R142_228v.jpg,2037,,
M119_02_R142_229r.jpg,2038,,
M119_02_R142_230v.jpg,2038,,
M119_02_R142_231r.jpg,1929,,
M119_02_R142_232v.jpg,1929,,
M119_02_R142_233r.jpg,1930,,
M119_02_R142_234v.jpg,1930,,
M119_02_R142_235r.jpg,1931,,
M119_02_R142_236v.jpg,1931,,
M119_02_R142_237r.jpg,1932,,
M119_02_R142_238v.jpg,1932,,
M119_02_R142_239r.jpg,1933,,
M119_02_R142_240v.jpg,1933,,
M119_02_R142_241r.jpg,1934,,
M119_02_R142_242v.jpg,1934,,
M119_02_R142_243r.jpg,2051,,
M119_02_R142_244v.jpg,2051,,
M119_02_R142_245r.jpg,2039,,
M119_02_R142_246v.jpg,2039,,
M119_02_R142_247r.jpg,1936,,
M119_02_R142_248v.jpg,1936,,
M119_02_R142_249r.jpg,1937,,
M119_02_R142_250v.jpg,1937,,
M119_02_R142_251r.jpg,1938,,
M119_02_R142_252v.jpg,1938,,
M119_02_R142_253r.jpg,1939,,
M119_02_R142_254v.jpg,1939,,
M119_02_R142_255r.jpg,1940,,
M119_02_R142_256v.jpg,1940,,
M119_02_R142_257r.jpg,1941,,
M119_02_R142_258v.jpg,1941,,
M119_02_R142_259r.jpg,1943,,
M119_02_R142_260v.jpg,1943,,
M119_02_R142_261r.jpg,1948,,
M119_02_R142_262v.jpg,1948,,
M119_02_R142_263r.jpg,1949,,
M119_02_R142_264v.jpg,1949,,
M119_02_R142_265r.jpg,1950,,
M119_02_R142_266v.jpg,1950,,
M119_02_R142_267r.jpg,2052,,
M119_02_R142_268v.jpg,2052,,
M119_02_R142_269r.jpg,2053,,
M119_02_R142_270v.jpg,2053,,
M119_02_R142_271r.jpg,2040,,
M119_02_R142_272v.jpg,2040,,
M119_02_R142_273r.jpg,2041,,
M119_02_R142_274v.jpg,2041,,
M119_02_R142_275r.jpg,2042,,
M119_02_R142_276v.jpg,2042,,
M119_02_R142_277r.jpg,2054,,
M119_02_R142_278v.jpg,2054,,
M119_02_R142_279r.jpg,2055,,
M119_02_R142_280v.jpg,2055,,
M119_02_R142_281r.jpg,2045,,
M119_02_R142_282v.jpg,2045,,
M119_02_R142_283r.jpg,2046,,
M119_02_R142_284v.jpg,2046,,
M119_02_R142_285r.jpg,2047,,
M119_02_R142_286v.jpg,2047,,
M119_02_R142_287r.jpg,2048,,
M119_02_R142_288v.jpg,2048,,
M119_02_R142_289r.jpg,2050,,
M119_02_R142_290v.jpg,2050,,
M119_02_R142_291r.jpg,2064,,
M119_02_R142_292v.jpg,2064,,
M119_02_R142_293r.jpg,2065,,
M119_02_R142_294v.jpg,2065,,
M119_02_R142_295r.jpg,2066,,
M119_02_R142_296v.jpg,2066,,
M119_02_R142_297r.jpg,2067,,
M119_02_R142_298v.jpg,2067,,
M119_02_R142_299r.jpg,2069,,
M119_02_R142_300v.jpg,2069,,
M119_02_R142_301r.jpg,2070,,
M119_02_R142_302v.jpg,2070,,
M119_02_R142_303r.jpg,1925,,
M119_02_R142_304v.jpg,1925,,
M119_02_R142_305r.jpg,2071,,
M119_02_R142_306v.jpg,2071,,
M119_02_R142_307r.jpg,710,,
M119_02_R142_308v.jpg,710,,
M119_02_R142_309r.jpg,1823,,
M119_02_R142_310v.jpg,1823,,
M119_02_R142_311r.jpg,2072,,
M119_02_R142_312v.jpg,2072,,
M119_02_R142_313r.jpg,2073,,
M119_02_R142_314v.jpg,2073,,
M119_02_R142_315r.jpg,2074,,
M119_02_R142_316v.jpg,2074,,
M119_02_R142_317r.jpg,2077,,
M119_02_R142_318v.jpg,2077,,
M119_02_R142_319r.jpg,2078,,
M119_02_R142_320v.jpg,2078,,
M119_02_R142_321r.jpg,2079,,
M119_02_R142_322v.jpg,2079,,
M119_02_R142_323r.jpg,2080,,
M119_02_R142_324v.jpg,2080,,
M119_02_R142_325r.jpg,2081,,
M119_02_R142_326v.jpg,2081,,
M119_02_R142_327r.jpg,2082,,
M119_02_R142_328v.jpg,2082,,
M119_02_R142_329r.jpg,1924,,
M119_02_R142_330v.jpg,1924,,
M119_02_R142_331r.jpg,2084,,
M119_02_R142_332v.jpg,2084,,
M119_02_R142_333r.jpg,2085,,
M119_02_R142_334v.jpg,2085,,
M119_02_R142_335r.jpg,2086,,
M119_02_R142_336v.jpg,2086,,
M119_02_R142_337r.jpg,2093,,
M119_02_R142_338v.jpg,2093,,
M119_02_R142_339r.jpg,2088,,
M119_02_R142_340v.jpg,2088,,
M119_02_R142_341r.jpg,2089,,
M119_02_R142_342v.jpg,2089,,
M119_02_R142_343r.jpg,2090,,
M119_02_R142_344v.jpg,2090,,
M119_02_R142_345r.jpg,2091,,
M119_02_R142_346v.jpg,2091,,
M119_02_R142_347r.jpg,2092,,
M119_02_R142_348v.jpg,2092,,
M119_02_R142_349r.jpg,1711,,
M119_02_R142_350v.jpg,1711,,
M119_02_R142_351r.jpg,1714,,
M119_02_R142_352v.jpg,1714,,
M119_02_R142_353r.jpg,1718,,
M119_02_R142_354v.jpg,1718,,
M119_02_R142_355r.jpg,1722,,
M119_02_R142_356v.jpg,1722,,
M119_02_R142_357r.jpg,1725,,
M119_02_R142_358v.jpg,1725,,
M119_02_R142_359r.jpg,1729,,
M119_02_R142_360v.jpg,1729,,
M119_02_R142_361r.jpg,1730,,
M119_02_R142_362v.jpg,1730,,
M119_02_R142_363r.jpg,1732,,
M119_02_R142_364v.jpg,1732,,
M119_02_R142_365r.jpg,1733,,
M119_02_R142_366v.jpg,1733,,
M119_02_R142_367r.jpg,1734,,
M119_02_R142_368v.jpg,1734,,
M119_02_R142_369r.jpg,1735,,
M119_02_R142_370v.jpg,1735,,
M119_02_R142_371r.jpg,1736,,
M119_02_R142_372v.jpg,1736,,
M119_02_R142_373r.jpg,1737,,
M119_02_R142_374v.jpg,1737,,
M119_02_R142_375r.jpg,1738,,
M119_02_R142_376v.jpg,1738,,
M119_02_R142_377r.jpg,1739,,
M119_02_R142_378v.jpg,1739,,
M119_02_R142_379r.jpg,1740,,
M119_02_R142_380v.jpg,1740,,
M119_02_R142_381r.jpg,1741,,
M119_02_R142_382v.jpg,1741,,
M119_02_R142_383r.jpg,1742,,
M119_02_R142_384v.jpg,1742,,
M119_02_R142_385r.jpg,1744,,
M119_02_R142_386v.jpg,1744,,
M119_02_R142_387r.jpg,1749,,
M119_02_R142_388v.jpg,1749,,
M119_02_R142_389r.jpg,1750,,
M119_02_R142_390v.jpg,1750,,
M119_02_R142_391r.jpg,1756,,
M119_02_R142_392v.jpg,1756,,
M119_02_R142_393r.jpg,1758,,
M119_02_R142_394v.jpg,1758,,
M119_02_R142_395r.jpg,1760,,
M119_02_R142_396v.jpg,1760,,
M119_02_R142_397r.jpg,1762,,
M119_02_R142_398v.jpg,1762,,
M119_02_R142_399r.jpg,1774,,
M119_02_R142_400v.jpg,1774,,
M119_02_R142_401r.jpg,1776,,
M119_02_R142_402v.jpg,1776,,
M119_02_R142_403r.jpg,1781,,
M119_02_R142_404v.jpg,1781,,
M119_02_R142_405r.jpg,1783,,
M119_02_R142_406v.jpg,1783,,
M119_02_R142_407r.jpg,1784,,
M119_02_R142_408v.jpg,1784,,
M119_02_R142_409r.jpg,1787,,
M119_02_R142_410v.jpg,1787,,
M119_02_R142_411r.jpg,1791,,
M119_02_R142_412v.jpg,1791,,
M119_02_R142_413r.jpg,1798,,
M119_02_R142_414v.jpg,1798,,
M119_02_R142_415r.jpg,1801,,
M119_02_R142_416v.jpg,1801,,
M119_02_R142_417r.jpg,1822,,
M119_02_R142_418v.jpg,1822,,
M119_02_R142_419r.jpg,1964,,
M119_02_R142_420v.jpg,1964,,
M119_02_R142_421r.jpg,1965,,
M119_02_R142_422v.jpg,1965,,
M119_02_R142_423r.jpg,1966,,
M119_02_R142_424v.jpg,1966,,
M119_02_R142_425r.jpg,1967,,
M119_02_R142_426v.jpg,1967,,
M119_02_R142_427r.jpg,1968,,
M119_02_R142_428v.jpg,1968,,
M119_02_R142_429r.jpg,1969,,
M119_02_R142_430v.jpg,1969,,
M119_02_R142_431r.jpg,1970,,
M119_02_R142_432v.jpg,1970,,
M119_02_R142_433r.jpg,1971,,
M119_02_R142_434v.jpg,1971,,
M119_02_R142_435r.jpg,1972,,
M119_02_R142_436v.jpg,1972,,
M119_02_R142_437r.jpg,1973,,
M119_02_R142_438v.jpg,1973,,
M119_02_R142_439r.jpg,1974,,
M119_02_R142_440v.jpg,1974,,
M119_02_R142_441r.jpg,1975,,
M119_02_R142_442v.jpg,1975,,
M119_02_R142_443r.jpg,1976,,
M119_02_R142_444v.jpg,1976,,
M119_02_R142_445r.jpg,1977,,
M119_02_R142_446v.jpg,1977,,
M119_02_R142_447r.jpg,1978,,
M119_02_R142_448v.jpg,1978,,
M119_02_R142_449r.jpg,1979,,
M119_02_R142_450v.jpg,1979,,
M119_02_R142_451r.jpg,1980,,
M119_02_R142_452v.jpg,1980,,
M119_02_R142_453r.jpg,1988,,
M119_02_R142_454v.jpg,1988,,
M119_02_R142_455r.jpg,1991,,
M119_02_R142_456v.jpg,1991,,
M119_02_R142_457r.jpg,1995,,
M119_02_R142_458v.jpg,1995,,
M119_02_R142_459r.jpg,1997,,
M119_02_R142_460v.jpg,1997,,
M119_02_R142_461r.jpg,1998,,
M119_02_R142_462v.jpg,1998,,
M119_02_R142_463r.jpg,1999,,
M119_02_R142_464v.jpg,1999,,
M119_02_R142_465r.jpg,2000,,
M119_02_R142_466v.jpg,2000,,
M119_02_R142_467r.jpg,2001,,
M119_02_R142_468v.jpg,2001,,
M119_02_R142_469r.jpg,2002,,
M119_02_R142_470v.jpg,2002,,
M119_02_R142_471r.jpg,2003,,
M119_02_R142_472v.jpg,2003,,
M119_02_R142_473r.jpg,2004,,
M119_02_R142_474v.jpg,2004,,
M119_02_R142_475r.jpg,2005,,
M119_02_R142_476v.jpg,2005,,
M119_02_R142_477r.jpg,2006,,
M119_02_R142_478v.jpg,2006,,
M119_02_R142_479r.jpg,2007,,
M119_02_R142_480v.jpg,2007,,
M119_02_R142_481r.jpg,2008,,
M119_02_R142_482v.jpg,2008,,
M119_02_R142_483r.jpg,2009,,
M119_02_R142_484v.jpg,2009,,
M119_02_R142_485r.jpg,2010,,
M119_02_R142_486v.jpg,2010,,
M119_02_R142_487r.jpg,2011,,
M119_02_R142_488v.jpg,2011,,
M119_02_R142_489r.jpg,2012,,
M119_02_R142_490v.jpg,2012,,
M119_02_R142_491r.jpg,2013,,
M119_02_R142_492v.jpg,2013,,
M119_02_R142_493r.jpg,2014,,
M119_02_R142_494v.jpg,2014,,
M119_02_R142_495r.jpg,2015,,
M119_02_R142_496v.jpg,2015,,
M119_02_R142_497r.jpg,2016,,
M119_02_R142_498v.jpg,2016,,
M119_02_R142_499r.jpg,2017,,
M119_02_R142_500v.jpg,2017,,
M119_02_R142_501r.jpg,2018,,
M119_02_R142_502v.jpg,2018,,
M119_02_R142_503r.jpg,2056,,
M119_02_R142_504v.jpg,2056,,
M119_02_R142_505r.jpg,2057,,
M119_02_R142_506v.jpg,2057,,
M119_02_R142_507r.jpg,2058,,
M119_02_R142_508v.jpg,2058,,
M119_02_R142_509r.jpg,2059,,
M119_02_R142_510v.jpg,2059,,
M119_02_R142_511r.jpg,2094,,
M119_02_R142_512v.jpg,2094,,
M119_02_R142_513r.jpg,2095,,
M119_02_R142_514v.jpg,2095,,
M119_02_R142_515r.jpg,2096,,
M119_02_R142_516v.jpg,2096,,
M119_02_R142_517r.jpg,568,,
M119_02_R142_518v.jpg,568,,
M119_02_R142_519r.jpg,565,,
M119_02_R142_520v.jpg,565,,
M119_02_R142_521r.jpg,60,,
M119_02_R142_522v.jpg,60,,
M119_02_R142_523r.jpg,61,,
M119_02_R142_524v.jpg,61,,
M119_02_R142_525r.jpg,62,,
M119_02_R142_526v.jpg,62,,
M119_02_R142_527r.jpg,65,,
M119_02_R142_528v.jpg,65,,
M119_02_R142_529r.jpg,66,,
M119_02_R142_530v.jpg,66,,
M119_02_R142_531r.jpg,67,,
M119_02_R142_532v.jpg,67,,
M119_02_R142_533r.jpg,68,,
M119_02_R142_534v.jpg,68,,
M119_02_R142_535r.jpg,69,,
M119_02_R142_536v.jpg,69,,
M119_02_R142_537r.jpg,70,,
M119_02_R142_538v.jpg,70,,
M119_02_R142_539r.jpg,71,,
M119_02_R142_540v.jpg,71,,
M119_02_R142_541r.jpg,72,,
M119_02_R142_542v.jpg,72,,
M119_02_R142_543r.jpg,73,,
M119_02_R142_544v.jpg,73,,
M119_02_R142_545r.jpg,74,,
M119_02_R142_546v.jpg,74,,
M119_02_R142_547r.jpg,75,,
M119_02_R142_548v.jpg,75,,
M119_02_R142_549r.jpg,76,,
M119_02_R142_550v.jpg,76,,
M119_02_R142_551r.jpg,77,,
M119_02_R142_552v.jpg,77,,
M119_02_R142_553r.jpg,78,,
M119_02_R142_554v.jpg,78,,
M119_02_R142_555r.jpg,79,,
M119_02_R142_557v.jpg,79,,
M119_02_R142_558r.jpg,80,,
M119_02_R142_559v.jpg,80,,
M119_02_R142_560r.jpg,81,,
M119_02_R142_561v.jpg,81,,
M119_02_R142_562r.jpg,82,,
M119_02_R142_563v.jpg,82,,
M119_02_R142_564r.jpg,83,,
M119_02_R142_565v.jpg,83,,
M119_02_R142_566r.jpg,84,,
M119_02_R142_567v.jpg,84,,
M119_02_R142_568r.jpg,85,,
M119_02_R142_569v.jpg,85,,
M119_02_R142_570r.jpg,86,,
M119_02_R142_571v.jpg,86,,
M119_02_R142_572r.jpg,87,,
M119_02_R142_573v.jpg,87,,
M119_02_R142_574r.jpg,88,,
M119_02_R142_575v.jpg,88,,
M119_02_R142_576r.jpg,89,,
M119_02_R142_577v.jpg,89,,
M119_02_R142_578r.jpg,90,,
M119_02_R142_579v.jpg,90,,
M119_02_R142_580r.jpg,91,,
M119_02_R142_581v.jpg,91,,
M119_02_R142_582r.jpg,186,,
M119_02_R142_583v.jpg,186,"*Note, writing on the back",monthly totals
M119_02_R142_584r.jpg,187,,
M119_02_R142_585v.jpg,187,"*Note, writing on the back",
M119_02_R142_586r.jpg,188,,
M119_02_R142_587v.jpg,188,,
M119_02_R142_588r.jpg,189,,
M119_02_R142_589v.jpg,189,,
M119_02_R142_590r.jpg,193,,
M119_02_R142_591v.jpg,193,,
M119_02_R142_592r.jpg,209,,
M119_02_R142_593v.jpg,209,,
M119_02_R142_594r.jpg,211,,
M119_02_R142_595v.jpg,211,,
M119_02_R142_596r.jpg,212,,
M119_02_R142_597v.jpg,212,,
M119_02_R142_598r.jpg,213,,
M119_02_R142_599v.jpg,213,"*Note, writing on the back",
M119_02_R142_600r.jpg,214,,
M119_02_R142_601v.jpg,214,,
M119_02_R142_602r.jpg,215,,
M119_02_R142_603v.jpg,215,,
M119_02_R142_604r.jpg,216,,
M119_02_R142_605v.jpg,216,,
M119_02_R142_606r.jpg,218,,
M119_02_R142_607v.jpg,218,,
M119_02_R142_608r.jpg,233,,
M119_02_R142_609v.jpg,233,,
M119_02_R142_610r.jpg,234,,
M119_02_R142_611v.jpg,234,,
M119_02_R142_612r.jpg,235,,
M119_02_R142_613v.jpg,235,,
M119_02_R142_614r.jpg,236,,
M119_02_R142_615v.jpg,236,,
M119_02_R142_616r.jpg,237,,
M119_02_R142_617v.jpg,237,,
M119_02_R142_618r.jpg,238,,
M119_02_R142_619v.jpg,238,,
M119_02_R142_620r.jpg,239,,
M119_02_R142_621v.jpg,239,,
M119_02_R142_622r.jpg,240,,
M119_02_R142_623v.jpg,240,,
M119_02_R142_624r.jpg,241,,
M119_02_R142_625v.jpg,241,,
M119_02_R142_626r.jpg,242,,
M119_02_R142_627v.jpg,242,,
M119_02_R142_628r.jpg,243,,
M119_02_R142_629v.jpg,243,,
M119_02_R142_630r.jpg,244,,
M119_02_R142_631v.jpg,244,,
M119_02_R142_632r.jpg,245,,
M119_02_R142_633v.jpg,245,,
M119_02_R142_634r.jpg,246,,
M119_02_R142_635v.jpg,246,"*Note, writing on the back",monthly totals
M119_02_R142_636r.jpg,247,,
M119_02_R142_637v.jpg,247,,
M119_02_R142_638r.jpg,248,,
M119_02_R142_639v.jpg,248,,
M119_02_R142_640r.jpg,249,,
M119_02_R142_641v.jpg,249,,
M119_02_R142_642r.jpg,250,,
M119_02_R142_643v.jpg,250,,
M119_02_R142_644r.jpg,251,,
M119_02_R142_645v.jpg,251,,
M119_02_R142_646r.jpg,252,,
M119_02_R142_647v.jpg,252,,
M119_02_R142_648r.jpg,253,,
M119_02_R142_649v.jpg,253,,
M119_02_R142_650r.jpg,254,,
M119_02_R142_651v.jpg,254,,
M119_02_R142_652r.jpg,255,,
M119_02_R142_653v.jpg,255,,
M119_02_R142_654r.jpg,256,,
M119_02_R142_655v.jpg,256,,
M119_02_R142_656r.jpg,257,,
M119_02_R142_657v.jpg,257,,
M119_02_R142_658r.jpg,258,,
M119_02_R142_659v.jpg,258,,
M119_02_R142_660r.jpg,259,,
M119_02_R142_661v.jpg,259,,
M119_02_R142_662r.jpg,260,,
M119_02_R142_663v.jpg,260,,
M119_02_R142_664r.jpg,261,,
M119_02_R142_665v.jpg,261,,
M119_02_R142_666r.jpg,262,,
M119_02_R142_667v.jpg,262,"*Note, writing on the back",
M119_02_R142_668r.jpg,263,,
M119_02_R142_669v.jpg,263,,
M119_02_R142_670r.jpg,264,,
M119_02_R142_671v.jpg,264,,
M119_02_R142_672r.jpg,265,,
M119_02_R142_673v.jpg,265,,
M119_02_R142_674r.jpg,266,,
M119_02_R142_675v.jpg,266,,
M119_02_R142_676r.jpg,267,,
M119_02_R142_677v.jpg,267,,
M119_02_R142_678r.jpg,268,,
M119_02_R142_679v.jpg,268,,
M119_02_R142_680r.jpg,269,,
M119_02_R142_681v.jpg,269,"*Note, writing on the back",
M119_02_R142_682r.jpg,270,,
M119_02_R142_683v.jpg,270,,
M119_02_R142_684r.jpg,271,,
M119_02_R142_685v.jpg,271,,
M119_02_R142_686r.jpg,272,,
M119_02_R142_687v.jpg,272,,
M119_02_R142_688r.jpg,273,,
M119_02_R142_689v.jpg,273,,
M119_02_R142_690r.jpg,274,,
M119_02_R142_691v.jpg,274,,
M119_02_R142_692r.jpg,275,,
M119_02_R142_693v.jpg,275,,
M119_02_R142_694n.jpg,,,
M119_02_R142_695n.jpg,,,
M119_02_R142_696n.jpg,,,